{"NumeroChassis":"43SJ8232RD", "DataDeMatricula":"2017/03/05", "Cor":"Preto",  "Fabricante":"Seat",       "Modelo":"Leon",       "MSRP":26500, "CustoDoFornecedor":23531, "Combustivel":"Gasóleo",  "Cilindrada":1968, "Potencia":150, "Quilometragem":0}
{"NumeroChassis":"58VC213EDZ", "DataDeMatricula":"2017/01/22", "Cor":"Azul",   "Fabricante":"Volkswagen", "Modelo":"Polo GTI",   "MSRP":23999, "CustoDoFornecedor":19823, "Combustivel":"Gasolina", "Cilindrada":1482, "Potencia":140, "Quilometragem":0}
{"NumeroChassis":"78NF3EV215", "DataDeMatricula":"2016/12/10", "Cor":"Branco", "Fabricante":"Audi",       "Modelo":"A3",         "MSRP":24900, "CustoDoFornecedor":21187, "Combustivel":"Gasolina", "Cilindrada":1398, "Potencia":140, "Quilometragem":1800}
{"NumeroChassis":"21E1CXV333", "DataDeMatricula":"2017/04/10", "Cor":"Branco", "Fabricante":"Volkswagen", "Modelo":"Golf",       "MSRP":19990, "CustoDoFornecedor":17410, "Combustivel":"Gasóleo",  "Cilindrada":1581, "Potencia":140, "Quilometragem":0}
{"NumeroChassis":"40RDF7E00R", "DataDeMatricula":"2016/10/25", "Cor":"Cinza",  "Fabricante":"Audi",       "Modelo":"A4",         "MSRP":41500, "CustoDoFornecedor":38423, "Combustivel":"Gasolina", "Cilindrada":1984, "Potencia":190, "Quilometragem":1200}
{"NumeroChassis":"51ZS9843CC", "DataDeMatricula":"2017/01/22", "Cor":"Cinza",  "Fabricante":"Volkswagen", "Modelo":"Golf R",     "MSRP":39900, "CustoDoFornecedor":36543, "Combustivel":"Gasolina", "Cilindrada":1984, "Potencia":360, "Quilometragem":0}
{"NumeroChassis":"08W7XC224D", "DataDeMatricula":"2017/01/17", "Cor":"Preto",  "Fabricante":"Audi",       "Modelo":"TT",         "MSRP":42990, "CustoDoFornecedor":39876, "Combustivel":"Gasolina", "Cilindrada":1984, "Potencia":230, "Quilometragem":300}
{"NumeroChassis":"98WE22CV4F", "DataDeMatricula":"2017/02/19", "Cor":"Preto",  "Fabricante":"Audi",       "Modelo":"A5",         "MSRP":44990, "CustoDoFornecedor":40404, "Combustivel":"Gasolina", "Cilindrada":1984, "Potencia":252, "Quilometragem":0}
{"NumeroChassis":"983RVC78ML", "DataDeMatricula":"2017/04/15", "Cor":"Preto",  "Fabricante":"Seat",       "Modelo":"Leon Cupra", "MSRP":28999, "CustoDoFornecedor":23456, "Combustivel":"Gasolina", "Cilindrada":1984, "Potencia":300, "Quilometragem":1700}
{"NumeroChassis":"70DS564723", "DataDeMatricula":"2016/03/05", "Cor":"Preto",  "Fabricante":"Audi",	      "Modelo":"S1",	     "MSRP":34287, "CustoDoFornecedor":30876, "Combustivel":"Gasóleo",	"Cilindrada":1968, "Potencia":130, "Quilometragem":7679}
{"NumeroChassis":"80FE238954", "DataDeMatricula":"2016/01/22", "Cor":"Azul",   "Fabricante":"Audi",	      "Modelo":"A4",	     "MSRP":27865, "CustoDoFornecedor":23788, "Combustivel":"Gasóleo",	"Cilindrada":1587, "Potencia":130, "Quilometragem":3987}
{"NumeroChassis":"85TGJGKF76", "DataDeMatricula":"2016/12/10", "Cor":"Verde",  "Fabricante":"Audi",	      "Modelo":"A3",	     "MSRP":36544, "CustoDoFornecedor":34637, "Combustivel":"Gasolina", "Cilindrada":1398, "Potencia":140, "Quilometragem":1800}
{"NumeroChassis":"87UYCNCN98", "DataDeMatricula":"2016/04/10", "Cor":"Branco", "Fabricante":"Volkswagen", "Modelo":"Golf",	     "MSRP":19990, "CustoDoFornecedor":17410, "Combustivel":"Gasóleo",  "Cilindrada":1581, "Potencia":140, "Quilometragem":0}
{"NumeroChassis":"23IUBHDS12", "DataDeMatricula":"2017/10/25", "Cor":"Cinza",  "Fabricante":"Seat",	      "Modelo":"Ibiza",	     "MSRP":24534, "CustoDoFornecedor":18423, "Combustivel":"Gasolina",	"Cilindrada":1587, "Potencia":110, "Quilometragem":1200}
{"NumeroChassis":"65KJ9BVBSS", "DataDeMatricula":"2016/11/03", "Cor":"Cinza",  "Fabricante":"Volkswagen", "Modelo":"Golf R",	 "MSRP":39900, "CustoDoFornecedor":36543, "Combustivel":"Gasolina", "Cilindrada":1984, "Potencia":360, "Quilometragem":1002}
{"NumeroChassis":"94ASXC22ER", "DataDeMatricula":"2017/01/17", "Cor":"Branco", "Fabricante":"Volkswagen", "Modelo":"Passat CC",	 "MSRP":42990, "CustoDoFornecedor":39876, "Combustivel":"Gasolina",	"Cilindrada":1587, "Potencia":150, "Quilometragem":300}