{"NRIDCivil":"124285589-2-XS2", "NomeProprio":"Zlatan" , "Apelido":"Ibra"     , "NIB":1234923, "DataDeNascimento":"1981/11/03", "CodigoPostal":"9999-99-99 Zlatanpost",               "email":"zlatan@ibra.com",     "telefone":["458 543 223","178 346 789"], "rua":"Grön Gata",           "localidade":"Skrattar Du Förlorar Du", "cidade":"Estocolmo", "país":"Suécia"}
{"NRIDCivil":"342442149-8-DW1", "NomeProprio":"Rui"    , "Apelido":"Vitória"  , "NIB":4950312, "DataDeNascimento":"1940/03/10", "CodigoPostal":"1450-43-21 Champ",                    "email":"rv@gmail.com",        "telefone":["123 734 233"],               "rua":"Rua do Monte",        "localidade":"Ferreiros",               "cidade":"Lisboa",    "país":"Portugal"}
{"NRIDCivil":"723009453-9-HG3", "NomeProprio":"Jorge"  , "Apelido":"Jesus"    , "NIB":2334454, "DataDeNascimento":"1954/07/24", "CodigoPostal":"5543-78-90 Bola",                     "email":"jj@gorila.com",       "telefone":["233 238 445"],               "rua":"Rua 88",              "localidade":"Prado",                   "cidade":"Lisboa",    "país":"Portugal"}
{"NRIDCivil":"335589029-1-RE0", "NomeProprio":"Bruno"  , "Apelido":"Carvalho" , "NIB":1894923, "DataDeNascimento":"1972/02/08", "CodigoPostal":"5543-78-59 Bolinha",                  "email":"br@sportingcp.com",   "telefone":["357 121 458"],               "rua":"Lugar de Baixo",      "localidade":"Bairro Alto",             "cidade":"Lisboa",    "país":"Portugal"}
{"NRIDCivil":"578923234-7-LP4", "NomeProprio":"Pinto"  , "Apelido":"Costa"    , "NIB":7845920, "DataDeNascimento":"1937/12/28", "CodigoPostal":"7439-33-33 Penta",                    "email":"pc@fcporto.com",      "telefone":["890 450 233","145 557 555"], "rua":"Loteamento Dourado",  "localidade":"Vila Fresca",             "cidade":"Porto",     "país":"Portugal"}
{"NRIDCivil":"327438434-2-MP3", "NomeProprio":"Nando"  , "Apelido":"Vale"     , "NIB":5131231, "DataDeNascimento":"1974/05/25", "CodigoPostal":"1234-56-78 Gotham",                   "email":"nico@bromail.com",    "telefone":["890 450 233"],               "rua":"Lugar de Cima",       "localidade":"La Louche",               "cidade":"Lausanne",  "país":"Suiça"}
{"NRIDCivil":"657485493-6-DI0", "NomeProprio":"Joel"   , "Apelido":"Sousa"    , "NIB":3653221, "DataDeNascimento":"1945/08/10", "CodigoPostal":"1111-43-21 Santa Marta das Cortiças", "email":"jsp@liberdade.com",   "rua":"Rua do Eiteiral",     "localidade":"Minneola",                "cidade":"Clermont",  "país":"França"}
{"NRIDCivil":"344754322-4-HB2", "NomeProprio":"Diogo"  , "Apelido":"Teixeira" , "NIB":9876543, "DataDeNascimento":"1951/07/31", "CodigoPostal":"5040-70-90 Alpes de Baixo",           "email":"tuxinho51@gmail.com", "telefone":["272 734 754"],               "rua":"Rua Cavado",          "localidade":"Carouge",                 "cidade":"Genebra",   "país":"Suiça"}
{"NRIDCivil":"324475465-1-CD3", "NomeProprio":"Celso"  , "Apelido":"Carvalho" , "NIB":3447729, "DataDeNascimento":"1975/02/03", "CodigoPostal":"5222-22-59 Penacova",                 "email":"celso_1@gmail.com",   "telefone":["435 768 223"],               "rua":"Lugar de Meio",       "localidade":"Winter Garden",           "cidade":"Clermont",  "país":"França"}
{"NRIDCivil":"743845321-0-LP2", "NomeProprio":"Armando", "Apelido":"Francisco", "NIB":9009876, "DataDeNascimento":"1997/12/25", "CodigoPostal":"7765-31-32 Abstatt",                  "email":"acisco@live.com",     "telefone":["145 557 555"],               "rua":"Loteamento Linhares", "localidade":"Vila Fresca",             "cidade":"Porto",     "país":"Portugal"}
{"NRIDCivil":"126637453-6-KL3", "NomeProprio":"João"   , "Apelido":"Ferreira" , "NIB":3767483, "DataDeNascimento":"1967/12/11", "CodigoPostal":"3439-73-33 Serew",                    "email":"joao_fr@yahoo.com",   "telefone":["231 987 342"],               "rua":"Feuer Strasse",       "localidade":"Checkpoint Charlie",      "cidade":"Berlim",    "país":"Alemanha"}