{"ID":1, "Mensalidade":1325, "InicioDeAluguer":"2017/02/21", "FimDeAluguer":"2017/03/21", "QuilometragemRealizada":800,  "Cliente_NRIDCivil":"124285589-2-XS2", "Carro_NumeroChassis":"78NF3EV215"}
{"ID":2, "Mensalidade":1325, "InicioDeAluguer":"2017/04/02", "FimDeAluguer":"2017/06/02", "QuilometragemRealizada":1000, "Cliente_NRIDCivil":"342442149-8-DW1", "Carro_NumeroChassis":"78NF3EV215"}
{"ID":3, "Mensalidade":2149, "InicioDeAluguer":"2017/01/23", "FimDeAluguer":"2017/02/23", "QuilometragemRealizada":300,  "Cliente_NRIDCivil":"335589029-1-RE0", "Carro_NumeroChassis":"08W7XC224D"}
{"ID":4, "Mensalidade":3800, "InicioDeAluguer":"2017/07/14", "FimDeAluguer":"2017/08/14", "QuilometragemRealizada":1700, "Cliente_NRIDCivil":"578923234-7-LP4", "Carro_NumeroChassis":"94ASXC22ER"}
{"ID":5, "Mensalidade":2075, "InicioDeAluguer":"2017/03/27", "FimDeAluguer":"2017/04/27", "QuilometragemRealizada":1200, "Cliente_NRIDCivil":"124285589-2-XS2", "Carro_NumeroChassis":"40RDF7E00R"}
{"ID":6, "Mensalidade":2911, "InicioDeAluguer":"2017/10/21", "FimDeAluguer":"2017/12/21", "QuilometragemRealizada":223 , "Cliente_NRIDCivil":"327438434-2-MP3", "Carro_NumeroChassis":"51ZS9843CC"}
{"ID":7, "Mensalidade":3754, "InicioDeAluguer":"2017/09/23", "Cliente_NRIDCivil":"344754322-4-HB2", "Carro_NumeroChassis":"94ASXC22ER"}
{"ID":1, "PrecoDeVenda":27500, "DataDeVenda":"2017/10/23", "ValorDeAbate":5000, "Cliente_NRIDCivil":"723009453-9-HG3", "Carro_NumeroChassis":"78NF3EV215"}
{"ID":2, "PrecoDeVenda":30250, "DataDeVenda":"2017/11/20", "Cliente_NRIDCivil":"578923234-7-LP4", "Carro_NumeroChassis":"43SJ8232RD"}
{"ID":3, "PrecoDeVenda":45000, "DataDeVenda":"2017/07/14", "ValorDeAbate":800,  "Cliente_NRIDCivil":"723009453-9-HG3", "Carro_NumeroChassis":"51ZS9843CC"}
{"ID":4, "PrecoDeVenda":47800, "DataDeVenda":"2017/01/05", "Cliente_NRIDCivil":"124285589-2-XS2", "Carro_NumeroChassis":"98WE22CV4F"}
{"ID":5, "PrecoDeVenda":41990, "DataDeVenda":"2017/11/05", "Cliente_NRIDCivil":"578923234-7-LP4", "Carro_NumeroChassis":"08W7XC224D"}
{"ID":6, "PrecoDeVenda":31999, "DataDeVenda":"2017/10/23", "Cliente_NRIDCivil":"344754322-4-HB2", "Carro_NumeroChassis":"70DS564723"}
{"ID":7, "PrecoDeVenda":45000, "DataDeVenda":"2017/11/20", "ValorDeAbate":1000, "Cliente_NRIDCivil":"342442149-8-DW1", "Carro_NumeroChassis":"40RDF7E00R"}
{"ID":8, "PrecoDeVenda":23980, "DataDeVenda":"2017/07/14", "ValorDeAbate":800 , "Cliente_NRIDCivil":"335589029-1-RE0", "Carro_NumeroChassis":"58VC213EDZ"}